City,Lat,Lng,Temperature,Max Temp,Humidity,Cloudiness,Wind Speed,Country,Date
upernavik,72.7868,-56.1549,5.88,5.88,94,96,9.1,GL,2021-02-14 02:35:40
qaanaaq,77.484,-69.3632,8.62,8.62,77,0,5.68,GL,2021-02-14 02:35:41
ostrovnoy,68.0531,39.5131,-6.83,-6.83,91,72,5.61,RU,2021-02-14 02:32:09
ribeira grande,38.5167,-28.7,57.54,57.54,67,83,30.65,PT,2021-02-14 02:30:56
atuona,-9.8,-139.0333,79.36,79.36,78,3,15.99,PF,2021-02-14 02:35:44
bluff,-46.6,168.3333,58.28,58.28,81,100,3.85,NZ,2021-02-14 02:35:45
zhongshu,24.5167,103.7667,55.09,55.09,83,76,4.59,CN,2021-02-14 02:35:46
rikitea,-23.1203,-134.9692,80.35,80.35,73,98,10.87,PF,2021-02-14 02:35:48
vaini,-21.2,-175.2,86,86,74,20,9.22,TO,2021-02-14 02:35:23
yabucoa,18.0505,-65.8793,73.72,77,81,7,5.01,PR,2021-02-14 02:35:50
daru,-9.0763,143.2092,85.17,85.17,74,96,2.33,PG,2021-02-14 02:34:27
puerto ayora,-0.7393,-90.3518,78.01,78.01,91,76,6.76,EC,2021-02-14 02:35:52
vao,-22.6667,167.4833,80.29,80.29,74,1,9.71,NC,2021-02-14 02:35:53
avarua,-21.2078,-159.775,84.2,84.2,74,13,6.91,CK,2021-02-14 02:35:54
busselton,-33.65,115.3333,82.94,82.94,44,2,3.67,AU,2021-02-14 02:35:55
maple creek,49.9168,-109.4848,-19.73,-18.4,63,0,4.61,CA,2021-02-14 02:35:57
bredasdorp,-34.5322,20.0403,66.2,66.2,88,0,4.61,ZA,2021-02-14 02:31:59
evensk,61.95,159.2333,-5.55,-5.55,82,31,5.99,RU,2021-02-14 02:35:59
deputatskiy,69.3,139.9,-28.79,-28.79,86,8,2.68,RU,2021-02-14 02:36:00
koslan,63.4564,48.8989,-3.91,-3.91,88,100,9.98,RU,2021-02-14 02:36:01
jamestown,42.097,-79.2353,21.47,23,100,90,5.75,US,2021-02-14 02:36:02
nikolskoye,59.7035,30.7861,14.16,17.6,86,75,6.71,RU,2021-02-14 02:36:03
oberkirch,48.5324,8.0786,17.37,21.2,68,0,17.27,DE,2021-02-14 02:36:05
rognan,67.0953,15.3878,23.63,25,90,99,2.19,NO,2021-02-14 02:36:06
cayenne,4.9333,-52.3333,80.6,80.6,83,90,12.66,GF,2021-02-14 02:35:13
buarcos,40.166,-8.8768,49.89,52,93,40,3.44,PT,2021-02-14 02:36:08
hermanus,-34.4187,19.2345,60.01,60.01,95,0,1.01,ZA,2021-02-14 02:36:09
tuktoyaktuk,69.4541,-133.0374,-11.2,-11.2,84,75,9.22,CA,2021-02-14 02:36:10
plettenberg bay,-34.0527,23.3716,70.54,70.54,93,96,7.4,ZA,2021-02-14 02:36:11
punta arenas,-53.15,-70.9167,44.29,44.6,76,75,3.44,CL,2021-02-14 02:36:12
san francisco,37.7749,-122.4194,51.4,53.6,66,40,28.77,US,2021-02-14 02:22:12
luanda,-8.8368,13.2343,77,77,83,40,6.91,AO,2021-02-14 02:36:15
lavrentiya,65.5833,-171,0.16,0.16,92,100,11.01,RU,2021-02-14 02:32:45
shizukuishi,39.6833,140.9833,39.2,39.2,70,40,2.3,JP,2021-02-14 02:36:17
amderma,-20.4081,57.7,77,77,88,40,3.44,MU,2021-02-14 02:36:19
mahebourg,-22.9661,-42.0278,76.05,76.05,88,100,17.34,BR,2021-02-14 02:36:20
arraial do cabo,-54.8,-68.3,41,41,87,40,8.05,AR,2021-02-14 02:36:22
ushuaia,42.1167,118.7833,11.93,11.93,91,100,6.85,CN,2021-02-14 02:36:23
mujiayingzi,42.6001,-73.9662,18.52,19.99,39,100,2.71,US,2021-02-14 02:35:26
albany,4.1363,96.1285,84.56,84.56,66,45,3.27,ID,2021-02-14 02:31:46
meulaboh,59.5336,33.9167,-1.5,-1.5,89,95,5.99,RU,2021-02-14 02:36:26
senno,68.3065,-53.4641,5.38,5.38,93,100,15.23,GL,2021-02-14 02:36:28
vaitupu,18.3851,42.4509,53.58,55.4,87,0,1.81,SA,2021-02-14 02:36:29
kangaatsiaq,43.3,52.8,35.4,35.4,84,100,18.14,KZ,2021-02-14 02:36:31
faya,63.05,179.3167,3.09,3.09,93,100,17,RU,2021-02-14 02:36:32
zhanaozen,64.3833,-173.3,10.42,10.42,92,100,16.69,RU,2021-02-14 02:35:40
beringovskiy,17.4833,106.6,68.9,68.9,72,94,1.32,VN,2021-02-14 02:36:34
provideniya,-33.5906,26.891,73,73,94,73,2.89,ZA,2021-02-14 02:30:10
dong hoi,-3.0254,-60.1803,75.2,75.2,94,75,2.3,BR,2021-02-14 02:36:36
port alfred,-42.7826,147.0587,73.45,75.99,33,0,3,AU,2021-02-14 02:36:37
livramento,-16.4833,-151.75,81.54,81.54,70,42,6.06,PF,2021-02-14 02:36:40
new norfolk,41.3712,-73.414,24.87,25,57,100,6.11,US,2021-02-14 02:36:41
taolanaro,-33.0153,27.9116,76.08,76.08,86,86,10.38,ZA,2021-02-14 02:32:20
faanui,70.4692,-68.5914,-4,-4,92,100,8.05,CA,2021-02-14 02:36:43
bethel,-3.945,122.4989,86.85,86.85,61,95,6.55,ID,2021-02-14 02:36:45
east london,65.282,-126.8329,-13,-13,84,1,4.61,CA,2021-02-14 02:36:46
clyde river,46.4856,135.8833,21.43,21.43,96,100,8.41,RU,2021-02-14 02:36:47
urulga,-20.2833,44.2833,78.03,78.03,77,100,15.66,MG,2021-02-14 02:36:49
kendari,-32.7167,152.15,72.68,73.4,64,90,20.71,AU,2021-02-14 02:36:50
norman wells,-46.1927,168.8643,63.66,63.66,65,100,1.43,NZ,2021-02-14 02:36:51
vostok,-33.9258,18.4232,67.69,69.01,94,40,4.61,ZA,2021-02-14 02:34:10
morondava,-0.9492,100.3543,86,86,66,20,2.3,ID,2021-02-14 02:36:54
nelson bay,46.5389,138.3297,35.15,35.15,81,69,7.63,RU,2021-02-14 02:36:55
mataura,21.3469,-158.0858,80.2,82.4,54,75,5.75,US,2021-02-14 02:35:27
cape town,20.7,-105.2,71.6,71.6,64,75,4.61,MX,2021-02-14 02:33:24
padang,60.9167,-46.05,41,41,42,75,3.44,GL,2021-02-14 02:36:00
svetlaya,22.0752,-159.319,77.77,78.8,69,90,9.22,US,2021-02-14 02:36:59
makakilo city,-13.7,-76.2167,69.46,69.8,83,0,19.57,PE,2021-02-14 02:37:00
ixtapa,73.5069,80.5464,-20.83,-20.83,88,100,12.35,RU,2021-02-14 02:37:01
narsaq,19.7297,-155.09,65.98,73.4,88,75,6.91,US,2021-02-14 02:33:30
kapaa,71.6872,128.8694,-15.21,-15.21,89,100,8.12,RU,2021-02-14 02:37:04
pisco,29.2747,82.1838,47.03,47.03,51,98,1.57,NP,2021-02-14 02:37:05
dikson,43.0645,44.7417,26.31,26.6,93,100,6.71,RU,2021-02-14 02:37:06
hilo,71.2906,-156.7887,-11.2,-11.2,77,75,10.36,US,2021-02-14 02:37:07
tiksi,-38.0023,-57.5575,69.24,70,94,75,5.75,AR,2021-02-14 02:35:30
jumla,34.6391,-120.4579,49.93,53.6,76,1,17.27,US,2021-02-14 02:32:24
oktyabrskoye,24.6333,-101.4167,43.29,43.29,62,20,3.87,MX,2021-02-14 02:37:10
barrow,-2.0226,147.2712,85.14,85.14,69,99,9.35,PG,2021-02-14 02:37:12
mar del plata,70.6333,147.9167,-19.68,-19.68,77,0,1.25,RU,2021-02-14 02:37:13
lompoc,57.79,-152.4072,35.78,35.78,94,100,29.93,US,2021-02-14 02:33:15
concepcion del oro,61.9353,5.1136,27.61,28.4,43,0,14.97,NO,2021-02-14 02:37:15
lorengau,12.9667,77.2333,60.06,62.6,88,49,4.29,IN,2021-02-14 02:37:16
chokurdakh,7.9986,124.2928,84,84,79,100,4,PH,2021-02-14 02:37:17
kodiak,19.8856,102.1347,64.4,64.4,77,75,0.22,LA,2021-02-14 02:37:18
maloy,69.3833,178.4167,-11.38,-11.38,87,99,4.54,RU,2021-02-14 02:37:19
magadi,28.6585,-17.9182,56.03,60.8,77,0,9.22,ES,2021-02-14 02:34:27
marawi,45.0205,-93.218,-8.05,-7.6,54,1,4.61,US,2021-02-14 02:37:22
luang prabang,5.3833,-52.95,78.39,78.39,84,98,15.21,GF,2021-02-14 02:37:23
leningradskiy,39.9256,9.6572,38.14,41,52,40,36.82,IT,2021-02-14 02:37:24
los llanos de aridane,46.9809,-123.8893,35.22,35.6,93,75,6.91,US,2021-02-14 02:37:25
saint anthony,44.3583,77.9753,31.82,31.82,93,84,2.33,KZ,2021-02-14 02:37:26
sinnamary,-18.475,-70.3042,71.6,71.6,60,0,9.22,CL,2021-02-14 02:37:27
tortoli,5.4112,100.3354,84.2,84.2,61,20,6.91,MY,2021-02-14 02:33:58
hoquiam,67.667,12.6934,30.56,30.56,89,100,8.48,NO,2021-02-14 02:34:08
saryozek,18.4411,1.4078,71.53,71.53,17,0,14.99,ML,2021-02-14 02:37:31
arica,-33.5189,-53.3681,69.28,69.28,94,44,6.71,BR,2021-02-14 02:37:32
georgetown,-5.1833,-68.9,74.98,74.98,95,100,2.51,BR,2021-02-14 02:37:34
sorland,-20.0167,148.2333,89.6,89.6,48,100,9.22,AU,2021-02-14 02:36:47
kidal,-46.2817,169.8464,69.01,69.01,61,100,4,NZ,2021-02-14 02:37:36
santa vitoria do palmar,-9.4431,147.1797,87.8,87.8,66,40,11.5,PG,2021-02-14 02:37:38
samusu,-21.9925,-48.3908,69.51,69.51,94,100,2.91,BR,2021-02-14 02:37:40
jutai,-31.3968,26.3625,63.73,63.73,80,23,5.68,ZA,2021-02-14 02:37:41
bowen,44.5492,18.0967,12.2,12.2,92,11,1.14,BA,2021-02-14 02:35:03
kaitangata,48.1958,-114.3129,9.95,12.2,40,1,16.11,US,2021-02-14 02:37:43
port moresby,-24.8667,113.6333,86,86,79,40,8.05,AU,2021-02-14 02:35:45
tasbuget,54.2139,49.6184,1.4,1.4,85,78,8.95,RU,2021-02-14 02:37:45
boa esperanca do sul,61.994,-49.6678,13.01,13.01,94,0,20.83,GL,2021-02-14 02:37:47
molteno,13.0609,5.239,70.14,70.14,20,0,10.29,NG,2021-02-14 02:37:48
maglaj,-29.9533,-71.3436,62.6,62.6,88,40,5.75,CL,2021-02-14 02:37:49
kalispell,28.017,-97.5169,34.09,35.6,93,90,9.22,US,2021-02-14 02:37:50
carnarvon,69.4865,88.3972,-24.68,-24.68,85,100,3.2,RU,2021-02-14 02:37:51
dimitrovgrad,66.0833,76.6333,-38.13,-38.13,82,6,3.69,RU,2021-02-14 02:37:53
paamiut,-25.863,26.8976,62.1,62.1,77,67,1.07,ZA,2021-02-14 02:37:55
sokoto,46.4333,26.4,19.99,19.99,47,96,6.15,RO,2021-02-14 02:37:56
coquimbo,-25.75,-56.4333,69.49,69.49,70,48,2.04,PY,2021-02-14 02:37:57
san patricio,-38.2667,141.9667,63.61,63.61,62,100,11.39,AU,2021-02-14 02:37:58
talnakh,27.9769,-114.0611,58.66,58.66,73,100,17.78,MX,2021-02-14 02:37:59
bargal,24.7,-77.7667,75.2,75.2,88,20,11.5,BS,2021-02-14 02:38:00
novyy urengoy,-33.0117,17.9442,66.2,66.2,88,76,4.61,ZA,2021-02-14 02:38:01
koster,66.1451,-65.7125,-22.7,-22.7,80,87,2.48,CA,2021-02-14 02:38:02
asau,3.0707,172.7902,81.5,81.5,78,71,14.9,KI,2021-02-14 02:38:04
villarrica,-23.4,21.7167,67.86,67.86,73,52,7.54,BW,2021-02-14 02:38:05
codrington,43.1667,70.4667,35.87,35.87,84,45,4.36,KZ,2021-02-14 02:38:06
guerrero negro,15.3953,-15.1193,74.95,74.95,15,0,11.9,SN,2021-02-14 02:38:07
andros town,-23.5333,148.1667,82.4,82.4,83,75,10.36,AU,2021-02-14 02:38:08
saldanha,32.6667,-17.1,50.85,53.01,55,0,1.99,PT,2021-02-14 02:35:47
pangnirtung,71.0357,27.8492,24.62,24.62,88,100,11.63,NO,2021-02-14 02:36:06
butaritari,-30.1811,-50.2056,73.4,73.4,84,97,4.94,BR,2021-02-14 02:33:33
manyana,69.2167,-51.1,12.2,12.2,85,90,17.27,GL,2021-02-14 02:38:13
karatau,55.4808,60.2157,21,21,96,100,7.18,RU,2021-02-14 02:38:14
linguere,-35.3333,-72.4167,55.87,55.87,88,35,9.33,CL,2021-02-14 02:38:15
emerald,71.9167,114.0833,-30.5,-30.5,78,51,4.12,RU,2021-02-14 02:35:29
ponta do sol,-37.3217,-59.1332,66,66,93,87,3.87,AR,2021-02-14 02:38:17
mehamn,2.7858,24.73,70.25,70.25,48,37,1.72,CD,2021-02-14 02:38:18
cidreira,35.1981,-111.6513,29.17,33.01,93,90,11.5,US,2021-02-14 02:38:20
ilulissat,7.7669,-72.225,67.71,67.71,74,85,1.54,VE,2021-02-14 02:38:21
karabash,14.3122,121.1114,81.9,82.99,74,75,5.75,PH,2021-02-14 02:38:22
constitucion,20.8947,-156.47,74.61,78.8,65,40,16.11,US,2021-02-14 02:38:24
saskylakh,-22.0016,148.0466,90.59,90.59,43,78,12.28,AU,2021-02-14 02:38:25
tandil,61.2181,-149.9003,17.17,19.4,49,1,3.44,US,2021-02-14 02:34:17
buta,60.8953,131.9608,-6.86,-6.86,89,100,5.66,RU,2021-02-14 02:38:27
flagstaff,-28.783,32.0377,74.93,74.93,95,100,1.7,ZA,2021-02-14 02:38:29
san cristobal,-8.9266,125.4092,73.67,73.67,73,100,4.21,TL,2021-02-14 02:38:30
santa rosa,39.8885,4.2658,51.8,51.8,82,20,9.22,ES,2021-02-14 02:38:32
illoqqortoormiut,62.2266,-6.589,37.4,37.4,87,90,43.73,FO,2021-02-14 02:38:33
kahului,68.2191,-135.0107,-9.4,-9.4,84,99,3.44,CA,2021-02-14 02:38:34
moranbah,5.9667,80.4167,80.82,80.82,78,20,2.8,LK,2021-02-14 02:35:32
anchorage,6.1241,81.1185,77,77,100,75,3.44,LK,2021-02-14 02:38:36
amga,60.733,56.7202,-1.12,-1.12,92,100,8.28,RU,2021-02-14 02:38:37
richards bay,35.1333,140.3,57.81,62.01,54,97,5.01,JP,2021-02-14 02:38:38
airai,44.8392,133.0436,23.29,23.29,92,97,5.12,RU,2021-02-14 02:38:40
mao,-24.8716,25.8699,69.8,69.8,78,0,6.91,BW,2021-02-14 02:38:41
klaksvik,65.75,150.85,-17.46,-17.46,87,100,12.95,RU,2021-02-14 02:38:43
aklavik,52.0934,53.6528,12.7,12.7,95,61,7.83,RU,2021-02-14 02:38:44
weligama,-33.6971,-53.4616,69.4,69.4,93,91,7.25,UY,2021-02-14 02:38:46
hambantota,-13.8833,167.55,81.66,81.66,79,100,13.18,VU,2021-02-14 02:38:47
nyrob,35.7333,140.8333,58.01,60.8,67,75,2.3,JP,2021-02-14 02:38:49
katsuura,60.4667,166.1,-13.05,-13.05,87,90,10.94,RU,2021-02-14 02:38:50
chkalovskoye,-2.4431,-54.7083,75.2,75.2,100,75,6.91,BR,2021-02-14 02:38:51
ramotswa,-16.7,-151.0167,82.2,82.2,67,8,5.08,PF,2021-02-14 02:38:52
mys shmidta,15.7432,-96.4661,70.63,70.63,82,0,6.53,MX,2021-02-14 02:38:53
zyryanka,60.7161,-135.0538,-13,-13,77,1,3.44,CA,2021-02-14 02:38:54
novosergiyevka,10.5669,72.642,80.74,80.74,61,96,6.89,IN,2021-02-14 02:38:55
umzimvubu,-24.7911,-50.0119,62.44,62.44,95,0,3.83,BR,2021-02-14 02:38:56
chuy,58.8053,-122.7002,-4,-4,84,1,3.44,CA,2021-02-14 02:36:24
sola,-32.8833,-68.8,73.4,73.4,60,0,2.3,AR,2021-02-14 02:38:59
hasaki,13.0167,31.8667,70.52,70.52,27,0,13.18,SD,2021-02-14 02:39:00
tilichiki,46.6166,10.7002,11.28,17.01,72,0,9.22,IT,2021-02-14 02:39:01
santarem,45.4672,7.8762,25.18,27,79,0,4.56,IT,2021-02-14 02:39:02
fare,35.465,-6.0348,50,50,87,0,8.05,MA,2021-02-14 02:39:03
pochutla,65.7,82.4667,-34.96,-34.96,82,0,6.49,RU,2021-02-14 02:37:03
whitehorse,12.0708,1.7889,74.55,74.55,17,0,6.42,BF,2021-02-14 02:39:06
kavaratti,-34.0033,24.7314,72,72,95,99,1.99,ZA,2021-02-14 02:39:07
castro,-7.0219,-45.4811,74.37,74.37,91,80,1.97,BR,2021-02-14 02:39:09
fort nelson,0.8,127.4,84.06,84.06,72,89,4.45,ID,2021-02-14 02:39:10
bermejo,-6.2222,-57.7528,74.37,74.37,97,100,1.52,BR,2021-02-14 02:39:12
tandalti,59.6011,49.4232,1.29,1.29,93,100,10.49,RU,2021-02-14 02:39:13
lasa,-3.8004,102.2655,84.96,84.96,64,100,2.93,ID,2021-02-14 02:39:14
ivrea,64.75,177.4833,21.2,21.2,79,90,8.95,RU,2021-02-14 02:39:15
asilah,55.3121,76.7647,20.61,20.61,98,100,7.87,RU,2021-02-14 02:39:16
krasnoselkup,-33.918,25.5701,73.4,73.4,94,0,4.61,ZA,2021-02-14 02:39:17
diapaga,-34.7333,135.8667,66.02,66.02,62,87,12.33,AU,2021-02-14 02:39:18
kruisfontein,40.7251,-73.2454,29.48,30.99,69,90,13.8,US,2021-02-14 02:36:30
rungata,43.65,51.2,30.2,30.2,80,0,6.71,KZ,2021-02-14 02:38:03
sao raimundo das mangabeiras,65.6145,-37.6368,31.23,31.23,92,100,23.55,GL,2021-02-14 02:39:23
ternate,61.2767,108.0108,-22.61,-22.61,85,19,1.52,RU,2021-02-14 02:39:24
jacareacanga,13.75,102.3333,84.36,84.36,50,99,7.4,TH,2021-02-14 02:39:25
letka,-46.1333,167.6833,57.79,57.79,88,100,5.88,NZ,2021-02-14 02:39:26
bengkulu,-25.2406,130.9889,82.4,82.4,42,90,16.11,AU,2021-02-14 02:39:28
anadyr,56.9413,47.2499,-2.69,-2.69,91,99,10.42,RU,2021-02-14 02:39:30
chany,17.0151,54.0924,66.2,66.2,48,0,2.3,OM,2021-02-14 02:36:07
port elizabeth,-26.6481,15.1594,64.24,64.24,84,0,8.61,NA,2021-02-14 02:39:33
port lincoln,-3.7481,-73.2472,77,77,94,20,2.46,PE,2021-02-14 02:39:34
bay shore,38.2477,36.914,33.91,33.91,90,41,1.52,TR,2021-02-14 02:39:36
hvammstangi,-18.65,-173.9833,84.2,84.2,74,40,8.05,TO,2021-02-14 02:39:37
aktau,-32.035,-52.0986,73.99,73.99,95,37,6.51,BR,2021-02-14 02:39:39
tasiilaq,28.419,30.7792,49.62,49.62,80,0,7.23,EG,2021-02-14 02:39:40
yerbogachen,39.0169,-94.2816,2.23,3,60,1,13.8,US,2021-02-14 02:36:15
sa kaeo,37.1041,-113.5841,49.1,51.01,57,1,14.97,US,2021-02-14 02:34:52
tuatapere,40.8021,-124.1637,49.05,51.01,82,72,5.32,US,2021-02-14 02:35:20
doctor pedro p. pena,42.4514,141.1731,37.4,37.4,81,90,11.5,JP,2021-02-14 02:39:45
yulara,63.7553,121.6247,-13.67,-13.67,88,100,7.52,RU,2021-02-14 02:39:46
sanchursk,55.7435,-97.8558,-18.4,-18.4,76,40,4.09,CA,2021-02-14 02:39:48
belushya guba,1,-52,72.82,72.82,98,100,2.66,BR,2021-02-14 02:39:49
salalah,36.6177,-121.9166,52.09,53.6,71,1,16.11,US,2021-02-14 02:38:58
luderitz,60.34,102.2797,-21.5,-21.5,86,82,1.3,RU,2021-02-14 02:39:51
iquitos,43.8031,143.8908,37.4,41,64,0,5.75,JP,2021-02-14 02:39:52
axixa do tocantins,37.4636,-122.4286,50.72,52,87,75,14.97,US,2021-02-14 02:39:53
afsin,-28.7667,114.6,89.6,89.6,35,75,11.5,AU,2021-02-14 02:36:25
neiafu,34.6667,138.95,59.72,64.4,45,75,11.5,JP,2021-02-14 02:39:55
rio grande,42.7762,-9.0603,55.54,55.99,85,100,1.99,ES,2021-02-14 02:39:57
matay,38.7333,-27.0667,55.06,57,76,40,18.61,PT,2021-02-14 02:39:58
sentyabrskiy,65.2,31.1667,-11.27,-11.27,89,63,4.65,RU,2021-02-14 02:39:59
blue springs,65.9702,-18.5286,39.2,39.2,65,90,21.85,IS,2021-02-14 02:35:58
saint george,66,111.5,-24.43,-24.43,80,87,4.47,RU,2021-02-14 02:38:29
eureka,-20.3167,118.5667,87.8,87.8,55,0,11.5,AU,2021-02-14 02:35:36
noboribetsu,-42.8794,147.3294,72.27,75.99,52,20,11.5,AU,2021-02-14 02:36:15
vilyuysk,28.1188,-16.576,59.43,62.01,72,20,11.5,ES,2021-02-14 02:40:04
thompson,57.8,158.6667,-4.22,-4.22,87,0,3.24,RU,2021-02-14 02:40:06
amapa,50.06,43.2379,12.99,12.99,74,100,18.01,RU,2021-02-14 02:39:07
pacific grove,-21.3585,55.7679,73.26,78.8,73,27,19.57,RE,2021-02-14 02:35:22
vanavara,20.1167,77.7167,74.03,74.03,29,0,6.93,IN,2021-02-14 02:40:10
kitami,13.5859,102.9737,84.76,84.76,49,78,1.68,KH,2021-02-14 02:40:11
half moon bay,63.4427,-20.2734,41.95,41.95,86,100,48.3,IS,2021-02-14 02:36:59
geraldton,69.7008,170.3133,-13.95,-13.95,88,93,3.18,RU,2021-02-14 02:36:06
shimoda,7.4167,81.8167,79.65,79.65,86,43,10.02,LK,2021-02-14 02:40:16
muros,5.5167,5.75,77.95,77.95,89,0,0.69,NG,2021-02-14 02:40:17
praia da vitoria,49.9811,92.0667,-6.74,-6.74,89,40,0.54,MN,2021-02-14 02:40:18
kalevala,36.7453,26.9589,55.4,55.4,71,40,8.05,GR,2021-02-14 02:40:19
dalvik,26.4815,-97.7831,35.74,36,93,90,9.22,US,2021-02-14 02:40:20
aykhal,45.0917,133.5136,24.04,24.04,93,87,5.41,RU,2021-02-14 02:40:21
port hedland,-1.5746,9.2618,76.53,76.53,89,100,3.98,GA,2021-02-14 02:40:24
hobart,50.7833,121.5167,-5.96,-5.96,84,72,5.95,CN,2021-02-14 02:40:25
granadilla de abona,-43.3002,-65.1023,69.46,69.46,76,7,8.88,AR,2021-02-14 02:40:26
tigil,12.524,-70.027,80.6,80.6,78,20,18.41,AW,2021-02-14 02:38:22
mikhaylovka,-14.6585,17.691,58.19,58.19,67,60,3.74,AO,2021-02-14 02:40:29
attawapiskat,37.9407,22.9573,46.99,46.99,67,100,5.99,GR,2021-02-14 02:40:31
saint-philippe,-16.1944,-55.9675,82.4,82.4,74,40,5.75,BR,2021-02-14 02:40:32
digras,66.8333,70.8333,-29.18,-29.18,85,5,4.12,RU,2021-02-14 02:40:34
sisophon,50.6789,156.125,26.82,26.82,93,99,10.04,RU,2021-02-14 02:40:35
tubruq,-31.4333,152.9167,77,77,62,66,3,AU,2021-02-14 02:40:36
vestmannaeyjar,56.5081,92.4078,-7.6,-7.6,84,100,7.54,RU,2021-02-14 02:40:37
pevek,-19.0595,-169.9187,87.8,87.8,66,10,8.05,NU,2021-02-14 02:40:38
kalmunai,-37.8333,140.7667,68,68,56,40,14.97,AU,2021-02-14 02:36:33
warri,-11.0267,-68.7692,71.69,71.69,98,100,1.88,BO,2021-02-14 02:40:41
ulaangom,-20.3428,57.7575,77,77,88,40,3.44,MU,2021-02-14 02:40:42
kefalos,49.5776,111.9753,-1.14,-1.14,80,100,3.36,RU,2021-02-14 02:40:43
raymondville,-29.15,-59.65,72.93,72.93,58,3,0.65,AR,2021-02-14 02:40:44
kirovskiy,-1.367,38.0106,63.36,63.36,97,62,1.52,KE,2021-02-14 02:40:45
lolua,41.7433,24.4,23.23,26.01,93,90,4.61,BG,2021-02-14 02:40:46
omboue,43.133,-115.6912,26.89,28.4,94,20,16.11,US,2021-02-14 02:40:47
genhe,-2.5744,150.7967,84.36,84.36,74,73,7.2,PG,2021-02-14 02:40:49
rawson,-17.0667,15.7333,62.51,62.51,88,46,1.05,AO,2021-02-14 02:40:50
oranjestad,-15.25,-68.1667,69.15,69.15,88,100,0.47,BO,2021-02-14 02:40:51
saleaula,-10.1833,-40.9667,70.23,70.23,80,4,9.64,BR,2021-02-14 02:40:52
menongue,55.756,-4.8556,33.1,34,84,100,1.01,GB,2021-02-14 02:40:53
corinto,-18.3667,21.85,67.66,67.66,74,100,6.87,BW,2021-02-14 02:40:54
barao de melgaco,62.0989,126.6992,-10.32,-10.32,89,100,7.47,RU,2021-02-14 02:40:55
kadykchan,-14.7833,24.8,62.08,62.08,93,100,1.74,ZM,2021-02-14 02:40:56
yar-sale,60.4128,44.2397,3.31,3.31,93,100,13.2,RU,2021-02-14 02:40:58
severo-kurilsk,14.8961,-24.4956,69.96,69.96,75,0,9.51,CV,2021-02-14 02:36:05
port macquarie,56.0815,99.6342,-3.78,-3.78,90,100,2.95,RU,2021-02-14 02:41:00
medveda,40.1629,-8.3327,49.37,52,92,100,2.62,PT,2021-02-14 02:41:01
alofi,-37.6167,-73.65,56.91,56.91,80,0,16.35,CL,2021-02-14 02:40:28
mount gambier,45.2501,-74.1325,7.79,8.6,61,100,5.75,CA,2021-02-14 02:39:03
cobija,40.922,14.5329,32.79,35.6,51,0,12.66,IT,2021-02-14 02:41:04
bambous virieux,66.0449,-17.3389,39.2,39.2,65,90,21.85,IS,2021-02-14 02:41:05
kyra,47.3567,31.2349,15.26,15.26,94,9,11.72,UA,2021-02-14 02:41:06
reconquista,22.8909,-109.9124,64.33,66,77,1,9.22,MX,2021-02-14 02:40:25
kitui,-25.1667,45.05,73.2,73.2,80,100,7.61,MG,2021-02-14 02:38:53
devin,54.3161,-130.3201,34.21,35.6,32,1,5.75,CA,2021-02-14 02:41:10
mountain home,-5.1989,-35.4608,80.6,80.6,78,40,5.75,BR,2021-02-14 02:40:08
kavieng,-0.6,73.0833,82.45,82.45,75,88,9.17,MV,2021-02-14 02:41:12
ondjiva,4.9247,6.2642,77.22,77.22,90,35,2.17,NG,2021-02-14 02:41:13
mapiri,-33.8667,121.9,73.4,73.4,53,42,11.5,AU,2021-02-14 02:41:14
laje,42.1584,-72.3287,26.24,28,54,90,4.61,US,2021-02-14 02:39:01
fairlie,25.5198,90.2201,74.55,74.55,33,15,2.21,IN,2021-02-14 02:41:17
shakawe,41.9563,42.9566,37.4,37.4,93,75,2.3,GE,2021-02-14 02:41:18
berdigestyakh,-3.9443,119.7848,90.52,90.52,48,76,10.92,ID,2021-02-14 02:41:19
kaoma,71.9667,102.5,-32.01,-32.01,83,45,6.73,RU,2021-02-14 02:41:20
nyuksenitsa,37.7167,-25.4333,57.09,57.2,77,20,21.85,PT,2021-02-14 02:41:21
sao filipe,33.194,-82.5271,40.66,41,96,90,4.61,US,2021-02-14 02:41:22
chunskiy,27.3167,-112.2833,61.11,61.11,61,77,9.66,MX,2021-02-14 02:41:23
lata,29.5833,-9.5,60.35,60.35,54,0,0.78,MA,2021-02-14 02:41:25
lebu,-17.3411,-39.2208,74.93,74.93,83,83,6.26,BR,2021-02-14 02:41:26
salaberry-de-valleyfield,4.25,-54.3833,71.83,71.83,97,65,2.39,GF,2021-02-14 02:41:27
nola,45.5826,-122.3534,27.9,30,69,90,17.27,US,2021-02-14 02:41:28
husavik,18.6074,121.0832,78.67,78.67,64,24,7.38,PH,2021-02-14 02:41:29
veselynove,60.8156,-115.7999,0.52,1.4,66,0,8.05,CA,2021-02-14 02:41:30
cabo san lucas,-6.8844,112.2051,83.3,83.3,74,100,6.69,ID,2021-02-14 02:41:31
beloha,-17.4667,16.3333,71.6,71.6,88,55,3.44,NA,2021-02-14 02:41:32
prince rupert,-16.95,-67.55,46.92,46.92,82,100,2.39,BO,2021-02-14 02:41:34
touros,0.0487,18.2603,76.1,76.1,78,100,4.94,CD,2021-02-14 02:41:35
hithadhoo,50.0163,-125.2446,29.17,30,93,90,3.44,CA,2021-02-14 02:41:15
yenagoa,37.1717,119.9214,45.36,45.36,77,92,4.81,CN,2021-02-14 02:41:37
esperance,21.1167,70.1167,68.07,68.07,72,0,7.45,IN,2021-02-14 02:41:39
palmer,51.226,-58.6502,3.78,3.78,90,79,10.8,CA,2021-02-14 02:40:04
tura,39.7008,122.9911,44.01,44.01,87,99,1.01,CN,2021-02-14 02:36:49
khani,26.326,43.975,55.4,55.4,76,0,3.29,SA,2021-02-14 02:40:04
tanete,34.7333,-120.0343,51.01,52,87,40,10.36,US,2021-02-14 02:39:01
khatanga,12.1791,125.5072,81.97,81.97,77,100,3.69,PH,2021-02-14 02:41:44
vila franca do campo,-20.2333,164.0167,80.15,80.15,70,68,7.09,NC,2021-02-14 02:41:45
avera,5.3505,48.5268,74.84,74.84,79,24,15.43,SO,2021-02-14 02:41:47
santa rosalia,11.2833,-15.8333,77.52,77.52,63,0,12.39,GW,2021-02-14 02:41:49
tiznit,58.9785,47.0246,4.57,4.57,94,100,7.7,RU,2021-02-14 02:41:50
prado,-21.35,165.15,84.45,84.45,63,38,4.14,NC,2021-02-14 02:41:51
grand-santi,-3.41,-39.0306,82,82,75,39,18.01,BR,2021-02-14 02:41:52
washougal,24.4667,69.584,66.79,66.79,40,0,6.55,PK,2021-02-14 02:41:53
claveria,40.5982,-124.1573,47.39,50,93,90,4.61,US,2021-02-14 02:41:54
hay river,-4.1333,104.1667,81.28,81.28,78,100,4.16,ID,2021-02-14 02:41:56
labuhan,-14.9003,50.2788,75.43,75.43,88,83,4.74,MG,2021-02-14 02:41:10
eenhana,38.4167,77.2406,41.81,41.81,62,11,5.48,CN,2021-02-14 02:41:59
viloco,25.5333,-103.25,58.33,60.8,41,1,6.33,MX,2021-02-14 02:42:00
mbandaka,50.2581,-119.2691,17.67,19,67,100,2.3,CA,2021-02-14 02:39:51
campbell river,59.3556,5.2242,30.22,33.01,69,20,16.11,NO,2021-02-14 02:42:03
laizhou,4.8845,-1.7554,79.92,79.92,87,12,10.56,GH,2021-02-14 02:42:04
mangrol,-19.55,169.2667,87.12,87.12,63,40,2.82,VU,2021-02-14 02:42:05
saint-augustin,-20.3297,-40.2925,77,77,83,0,5.75,BR,2021-02-14 02:41:15
zhuanghe,23.1935,116.6142,68,68,73,20,4.47,CN,2021-02-14 02:42:07
buraydah,27.9167,96.1667,77.88,77.88,21,68,0.96,IN,2021-02-14 02:42:08
santa barbara,47.6666,-52.7314,25.02,26.01,68,90,17.27,CA,2021-02-14 02:41:18
san policarpo,50.6996,-127.4199,34.5,35.6,86,90,14.97,CA,2021-02-14 02:42:12
poum,39.2342,106.3439,30.65,30.65,83,100,11.68,CN,2021-02-14 02:42:13
hobyo,43.2686,-7.5406,54.82,55.99,82,0,12.66,ES,2021-02-14 02:42:14
zhetybay,60.1432,-45.2371,33.78,33.78,88,100,2.17,GL,2021-02-14 02:42:15
bubaque,60.7522,-137.5108,-11.2,-11.2,77,0,1.14,CA,2021-02-14 02:41:55
bogovarovo,67.6803,53.1512,-21.39,-21.39,88,37,1.39,RU,2021-02-14 02:42:17
poya,45.2117,36.7161,24.39,24.8,63,89,17.9,RU,2021-02-14 02:42:20
paracuru,69.0125,23.0412,7.84,7.84,88,100,4.88,NO,2021-02-14 02:42:21
diplo,53.9353,139.9242,13.5,13.5,96,100,2.51,RU,2021-02-14 02:42:22
fortuna,20.3467,-74.4958,74.12,74.12,85,6,5.19,CU,2021-02-14 02:42:23
baturaja,47.0493,16.7995,24.37,26.6,74,0,12.66,HU,2021-02-14 02:42:24
antalaha,45.3929,47.3707,33.73,33.73,84,98,4.63,RU,2021-02-14 02:42:25
shache,40.0444,-111.7321,33.19,34,93,90,20.71,US,2021-02-14 02:42:26
matamoros,26.1247,127.6694,70.72,71.6,94,75,5.75,JP,2021-02-14 02:42:28
vernon,46.1879,-123.8313,35.02,36,93,90,5.75,US,2021-02-14 02:42:29
visnes,68.75,161.3,-5.04,-5.04,86,100,7.74,RU,2021-02-14 02:42:30
takoradi,44.1003,-70.2148,14.7,17.01,62,20,1.88,US,2021-02-14 02:42:31
isangel,39.3333,-0.8333,48.49,51.01,81,0,3.44,ES,2021-02-14 02:42:33
vila velha,17.4924,44.1277,55.4,55.4,41,0,1.86,SA,2021-02-14 02:42:10
haimen,42.8711,-97.3973,-6.39,-5.01,77,1,4.61,US,2021-02-14 02:42:35
tezu,78.2186,15.6401,6.8,6.8,66,75,3.44,SJ,2021-02-14 02:42:36
torbay,17.8868,-77.5902,71.56,71.56,88,10,10.96,JM,2021-02-14 02:42:37
barentsburg,39.05,-27.9833,56.59,56.59,70,57,32.32,PT,2021-02-14 02:42:38
port hardy,51.7102,143.2326,21.36,21.36,94,93,3.67,RU,2021-02-14 02:42:39
shitanjing,64.5635,39.8302,-4,-4,84,90,4.47,RU,2021-02-14 02:42:41
bereda,70.3705,31.1107,26.64,26.64,86,81,18.01,NO,2021-02-14 02:42:42
nanortalik,39.4735,-118.7774,38.16,39.2,56,1,9.22,US,2021-02-14 02:42:43
haines junction,-17.7333,-149.15,83.19,84,74,75,12.66,PF,2021-02-14 02:42:39
iskateley,62.456,-114.3525,-9.13,-9,84,1,9.22,CA,2021-02-14 02:39:23
asayita,16.8634,-99.8901,75.2,75.2,73,1,4.61,MX,2021-02-14 02:37:54
taman,48.4833,124.8333,5.4,5.4,82,0,6.6,CN,2021-02-14 02:42:48
kautokeino,-1.7808,37.6288,64.17,64.17,91,75,0.38,KE,2021-02-14 02:42:50
mnogovershinnyy,34.8791,-76.9013,41,41,100,90,12.66,US,2021-02-14 02:42:51
baracoa,31.85,-112.8333,59,59,49,100,11.99,MX,2021-02-14 02:42:52
vasvar,24.8,125.2833,75.2,75.2,73,20,10.36,JP,2021-02-14 02:42:53
kaspiyskiy,-31.95,141.4333,78.8,78.8,29,0,13.8,AU,2021-02-14 02:42:45
payson,-45.4167,167.7167,57.31,57.31,82,100,2.13,NZ,2021-02-14 02:38:19
itoman,10.9995,122.6711,81.07,81.07,82,100,11.05,PH,2021-02-14 02:42:32
astoria,14.9951,-2.9517,70.79,70.79,20,0,4.76,ML,2021-02-14 02:42:57
cherskiy,48.5872,57.1869,32.88,32.88,97,100,5.41,KZ,2021-02-14 02:41:11
lewiston,-0.9131,122.8766,82.04,82.04,69,97,0.76,ID,2021-02-14 02:43:00
valencia,31.6957,118.4983,63.81,66,82,61,4.47,CN,2021-02-14 02:43:03
najran,-8.0089,-34.8553,78.8,78.8,69,75,8.05,BR,2021-02-14 02:39:47
yankton,9.6139,6.5569,70.86,70.86,20,0,1.21,NG,2021-02-14 02:43:05
longyearbyen,48.0624,46.1091,28.94,28.94,92,97,23.76,RU,2021-02-14 02:43:06
bull savanna,-10.4544,161.9205,84.96,84.96,74,62,11.1,SB,2021-02-14 02:42:43
lagoa,49.7834,-74.8492,1.4,1.4,78,90,5.75,CA,2021-02-14 02:43:09
katangli,22.2855,114.1577,66.47,69.01,74,4,3.49,HK,2021-02-14 02:40:26
severodvinsk,68.0546,166.4372,-8.84,-8.84,85,100,6.87,RU,2021-02-14 02:43:12
vardo,-12.5763,13.4055,72.19,72.19,78,0,2.66,AO,2021-02-14 02:41:02
fallon,22.5667,59.5289,68.59,68.59,70,0,3.96,OM,2021-02-14 02:41:29
tautira,67.6333,134.6333,-16.01,-16.01,87,61,1.36,RU,2021-02-14 02:43:15
nizhneyansk,32.7941,-79.8626,42.46,43,100,90,8.81,US,2021-02-14 02:43:16
yellowknife,54.0524,-128.6534,24.8,24.8,46,40,11.5,CA,2021-02-14 02:39:25
acapulco,3.4568,8.5547,78.8,78.8,83,20,5.75,GQ,2021-02-14 02:43:19
nehe,42.207,-71.6856,25.18,27,50,90,4.61,US,2021-02-14 02:43:20
wote,40.9214,9.4856,41,41,56,40,16.11,IT,2021-02-14 02:43:21
havelock,-28.55,16.4333,63.86,63.86,89,63,3.09,NA,2021-02-14 02:43:22
sonoita,62.8629,51.8905,-7.11,-7.11,88,100,11.7,RU,2021-02-14 02:43:23
hirara,14.7623,-90.9947,55.36,64.4,82,75,11.5,GT,2021-02-14 02:43:24
broken hill,34.6851,135.8049,59.9,63,55,40,1.14,JP,2021-02-14 02:43:26
te anau,38.0833,138.4333,57.2,57.2,44,40,10.36,JP,2021-02-14 02:43:27
dingle,25.1216,62.3254,66.97,66.97,74,1,5.97,PK,2021-02-14 02:43:28
douentza,39.1834,-84.5333,24.78,26.6,74,90,9.22,US,2021-02-14 02:43:29
shubarshi,3.8653,-67.9239,75.27,75.27,92,100,2.33,CO,2021-02-14 02:43:31
biak,63.8424,-22.4338,37.4,37.4,81,75,28.77,IS,2021-02-14 02:43:32
westpunt,24.6877,46.7219,52.93,53.6,43,0,4.29,SA,2021-02-14 02:39:04
zhanatas,20.9,70.3667,68.68,68.68,65,0,9.08,IN,2021-02-14 02:43:35
maanshan,-9.6608,20.3916,62.94,62.94,89,100,2.13,AO,2021-02-14 02:43:37
olinda,-21.3393,55.4781,75.52,78.8,69,20,17.27,RE,2021-02-14 02:43:39
minna,14.6667,74.3,73.98,73.98,66,28,3.83,IN,2021-02-14 02:43:40
chernyy yar,-3.7508,103.6372,81.59,81.59,77,100,4.59,ID,2021-02-14 02:43:43
kirakira,5.6083,-3.1563,75.81,75.81,95,9,3.71,CI,2021-02-14 02:43:44
chapais,17.486,120.4348,82.06,82.06,60,3,4.14,PH,2021-02-14 02:43:45
victoria,-41.45,147.1667,74.71,77,53,40,10.36,AU,2021-02-14 02:41:26
tumannyy,8.5711,81.2335,79.32,79.32,82,7,9.78,LK,2021-02-14 02:43:47
bilibino,-45.5752,-72.0662,55.4,55.4,67,0,3.44,CL,2021-02-14 02:43:48
benguela,64.8378,-147.7164,-1.3,1,78,1,3.44,US,2021-02-14 02:40:10
sur,0.5412,123.0595,82.62,82.62,73,100,1.9,ID,2021-02-14 02:42:11
batagay,11.9214,109.1591,77,77,53,20,12.66,VN,2021-02-14 02:43:52
mount pleasant,11.6667,92.75,80.6,80.6,78,90,6.91,IN,2021-02-14 02:43:53
kitimat,65.3667,64.6667,-30.41,-30.41,85,51,2.33,RU,2021-02-14 02:43:54
luba,39.7432,98.5174,30.4,30.4,84,1,5.88,CN,2021-02-14 02:43:00
grafton,25.0213,37.2685,74.46,74.46,56,0,5.73,SA,2021-02-14 02:42:41
olbia,18.0264,-77.8487,76.62,77,73,20,8.05,JM,2021-02-14 02:43:57
oranjemund,18.0384,-71.744,75.78,75.78,64,3,7.87,DO,2021-02-14 02:43:58
sindor,11.1373,123.7228,80.98,80.98,81,100,15.55,PH,2021-02-14 02:41:33
tecpan,32.8995,-105.9603,51.96,55,32,1,19.57,US,2021-02-14 02:40:14
nara,-8.8978,-35.1478,77.45,77.45,85,31,8.46,BR,2021-02-14 02:44:03
ryotsu,-19.7697,-43.8514,68.95,69.8,88,75,2.26,BR,2021-02-14 02:44:04
gwadar,52.6897,47.1405,7.43,7.43,95,81,6.33,RU,2021-02-14 02:44:05
hamilton,3.1655,-52.3158,72.68,72.68,98,100,3.13,GF,2021-02-14 02:44:08
grand river south east,20.0058,110.3542,68,68,77,0,4.47,CN,2021-02-14 02:44:09
inirida,-3.6667,152.4333,84.16,84.16,75,100,6.51,PG,2021-02-14 02:44:10
grindavik,18.8003,110.3967,71.37,71.37,62,11,4.85,CN,2021-02-14 02:44:11
riyadh,-3.6,26.6667,68.9,68.9,95,100,2.01,CD,2021-02-14 02:44:12
veraval,40.0003,-86.2503,16.29,19,85,90,10.36,US,2021-02-14 02:42:28
bustonkala,-26.7852,-60.4388,72,72,87,2,2.35,AR,2021-02-14 02:44:14
saurimo,5.7667,73.3833,80.62,80.62,69,61,8.55,MV,2021-02-14 02:44:15
mrirt,38.8876,-76.5119,27.46,28.99,93,90,5.75,US,2021-02-14 02:44:17
saint-pierre,59.3833,143.3,14.99,14.99,95,100,1.95,RU,2021-02-14 02:44:18
ankola,57.0531,-135.33,35.6,35.6,38,1,8.05,US,2021-02-14 02:44:19
ngukurr,29.6195,51.6541,52.03,52.03,42,8,2.64,IR,2021-02-14 02:44:20
payo,-29.6842,-53.8069,71.6,71.6,100,0,1.14,BR,2021-02-14 02:44:21
ayame,-13.2,49.05,73.71,73.71,94,27,2.33,MG,2021-02-14 02:44:22
santa,-5.3686,-49.1178,74.21,74.21,96,100,0.63,BR,2021-02-14 02:44:23
launceston,53.465,85.9128,3.43,3.43,92,100,5.66,RU,2021-02-14 02:44:24
trincomalee,59.1167,159.9667,-3.46,-3.46,90,1,12.12,RU,2021-02-14 02:44:26
coihaique,-0.6667,37.2,63.41,63.41,83,69,2.55,KE,2021-02-14 02:44:27
fairbanks,58.4036,49.0572,7.43,7.43,95,100,6.8,RU,2021-02-14 02:44:28
gorontalo,21.4022,-157.7394,77.27,80.6,65,75,10.36,US,2021-02-14 02:44:29
cam ranh,34.1748,-86.8436,32.25,35.01,93,90,10.36,US,2021-02-14 02:40:01
port blair,33.0833,-16.3333,53.6,53.6,87,20,3.44,PT,2021-02-14 02:44:31
muzhi,42.8,93.45,33.69,33.69,76,0,11.32,CN,2021-02-14 02:44:32
jiuquan,8.5508,-0.5188,80.74,80.74,56,0,4.94,GH,2021-02-14 02:44:33
umm lajj,40.8,-96.667,1.18,1.99,66,1,9.22,US,2021-02-14 02:44:35
black river,25.2819,110.2864,64.4,64.4,68,0,2.24,CN,2021-02-14 02:44:36
pedernales,28.3667,129.4833,69.8,69.8,94,75,14.97,JP,2021-02-14 02:44:37
burica,-3.4833,23.4333,71.67,71.67,94,100,2.39,CD,2021-02-14 02:42:09
sulangan,37.5683,126.9778,53.04,55.4,43,75,2.3,KR,2021-02-14 02:41:36
alamogordo,-1.195,-46.02,77.94,77.94,88,100,7.18,BR,2021-02-14 02:44:40
sao jose da coroa grande,36.652,107.7896,44.96,44.96,52,48,7.85,CN,2021-02-14 02:44:41
santa luzia,52.4443,15.1168,16.02,17.01,72,4,1.99,PL,2021-02-14 02:44:42
pavlovka,54.7183,135.315,12.51,12.51,92,100,11.01,RU,2021-02-14 02:44:45
tsihombe,-17.8,-63.1667,77,77,83,75,3.44,BO,2021-02-14 02:42:09
camopi,62.6667,135.6,-3.5,-3.5,87,100,1.61,RU,2021-02-14 02:44:47
qiongshan,-31.7333,-55.9833,67.86,67.86,77,38,3.69,UY,2021-02-14 02:42:12
namatanai,69.4058,86.1778,-28.82,-28.82,84,99,2.64,RU,2021-02-14 02:44:49
wanning,41.1668,-74.0496,24.3,26.01,56,100,4.81,US,2021-02-14 02:44:50
kampene,-8.4667,118.7167,86.41,86.41,63,100,3.91,ID,2021-02-14 02:44:51
indiana,63.7506,-68.5145,-11.09,-11,70,20,2.3,CA,2021-02-14 02:44:53
presidencia roque saenz pena,-12.48,-49.1247,73.11,73.11,87,100,0.72,BR,2021-02-14 02:44:54
manadhoo,36.8197,21.7049,55.35,57,100,54,8.05,GR,2021-02-14 02:44:55
mayo,27.7384,66.6434,55.78,55.78,32,20,3.33,PK,2021-02-14 02:44:57
okhotsk,46.7833,-92.1066,-12.93,-9.4,59,1,10.36,US,2021-02-14 02:44:58
sitka,45.5234,-122.6762,28.67,30,74,90,5.75,US,2021-02-14 02:43:22
kazerun,9.5167,78.1,75.2,75.2,83,40,3.44,IN,2021-02-14 02:45:02
santa maria,27.2333,77.2,63.88,63.88,37,0,2.55,IN,2021-02-14 02:45:03
ambilobe,36.175,-115.1372,56.41,60.8,21,1,17.27,US,2021-02-14 02:43:39
maraba,30.3333,10.85,51.57,51.57,67,0,14.16,LY,2021-02-14 02:45:05
togul,-7.3,27.4167,70.14,70.14,93,100,1.32,CD,2021-02-14 02:45:06
palana,-19.8,-174.35,81.7,81.7,78,91,10.58,TO,2021-02-14 02:41:09
sagana,25.6989,32.6421,57.2,57.2,51,0,3.85,EG,2021-02-14 02:45:09
orichi,22.6906,58.5334,56.84,56.84,87,3,1.9,OM,2021-02-14 02:45:10
kailua,43.4065,-124.2243,46.6,48.2,81,90,8.05,US,2021-02-14 02:45:11
cullman,43.2128,-75.4557,20.32,21.2,45,90,6.91,US,2021-02-14 02:42:33
camacha,42.4165,-122.8345,42.98,44.01,78,98,3.94,US,2021-02-14 02:45:13
hami,-22.9575,14.5053,66.2,66.2,94,71,2.3,NA,2021-02-14 02:45:14
salaga,-9.0153,-42.6994,74.61,74.61,56,75,1.03,BR,2021-02-14 02:45:15
lincoln,-11.7833,19.9167,58.91,58.91,78,58,3.04,AO,2021-02-14 02:45:17
guilin,65.85,74.4859,-36.06,-36.06,82,0,4,RU,2021-02-14 02:45:18
naze,57.9404,55.334,21.2,21.2,93,75,17.9,RU,2021-02-14 02:45:19
lodja,5.6592,-53.7767,77.9,77.9,83,96,13.53,GF,2021-02-14 02:45:20
seoul,-20.9333,-66.2333,52.79,52.79,40,36,6.24,BO,2021-02-14 02:45:21
carutapera,3.7667,12.25,68.68,68.68,96,96,2.64,CM,2021-02-14 02:45:23
yuancheng,-38.9516,-68.0591,82.4,82.4,24,0,13.8,AR,2021-02-14 02:41:29
sulecin,14.708,101.4161,88.16,90,45,60,1.61,TH,2021-02-14 02:45:25
shchelyayur,-5.795,-35.2094,80.6,80.6,78,75,10.36,BR,2021-02-14 02:43:33
chumikan,-30.6497,24.0123,72.12,72.12,57,68,5.57,ZA,2021-02-14 02:45:27
santa cruz,58.6978,81.4825,-2.16,-2.16,92,98,3.51,RU,2021-02-14 02:45:28
khandyga,-14.4667,132.2667,86,86,70,75,5.75,AU,2021-02-14 02:45:29
tacuarembo,-18.9281,29.8149,63.16,63.16,96,92,3.09,ZW,2021-02-14 02:45:30
dudinka,33.8157,-84.5619,44.11,45,93,90,2.3,US,2021-02-14 02:45:31
rockland,37.3394,-121.895,51.93,53.6,58,75,10.36,US,2021-02-14 02:45:30
bima,49.9333,116.8667,-12.46,-12.46,86,1,4.9,RU,2021-02-14 02:45:35
iqaluit,5.7947,0.8973,82.4,82.4,89,20,13.8,GH,2021-02-14 02:41:21
alvorada,40.5678,-84.1936,20.66,21.2,86,90,8.05,US,2021-02-14 02:45:37
methoni,12.7081,-15.5569,68.07,68.07,27,48,0.87,SN,2021-02-14 02:45:38
babanusah,21.1667,79.65,68,68,60,40,2.3,IN,2021-02-14 02:45:39
khuzdar,-32.3214,-58.0756,73.51,73.99,81,20,5.82,UY,2021-02-14 02:41:44
duluth,46.4678,6.8962,15.64,17.01,90,6,1.99,CH,2021-02-14 02:45:42
tapaua,-3.6954,128.1814,87.8,87.8,62,40,8.05,ID,2021-02-14 02:45:43
portland,35.3029,37.1841,48.87,48.87,67,0,3,SY,2021-02-14 02:45:44
aruppukkottai,-18.5486,-42.5569,63.73,63.73,94,88,2.66,BR,2021-02-14 02:45:45
nadbai,54.0135,38.2211,-8.99,-8.99,92,78,3.11,RU,2021-02-14 02:45:46
las vegas,42.0551,59.3788,39.2,42.8,80,0,4.61,TM,2021-02-14 02:45:47
nalut,-36.7167,-73.1167,60.8,60.8,63,0,10.36,CL,2021-02-14 02:45:48
manono,43.7501,-81.7165,12.2,12.2,85,100,4.61,CA,2021-02-14 02:42:37
pangai,38,37,41,41,93,40,4.61,TR,2021-02-14 02:45:51
luxor,51.3813,1.3862,32.72,33.01,47,100,7,GB,2021-02-14 02:42:59
ibra,-35.7167,150.1833,68.74,72,72,4,3,AU,2021-02-14 02:45:53
north bend,45.2333,147.8833,31.95,31.95,97,99,11.25,RU,2021-02-14 02:45:54
roma,40.1292,124.3947,44.49,44.49,75,100,1.79,CN,2021-02-14 02:45:55
jackson,-16.5167,-151.75,82.02,82.02,68,27,4.9,PF,2021-02-14 02:45:56
walvis bay,13.3154,12.6113,68.59,68.59,23,0,8.93,NE,2021-02-14 02:45:58
sao raimundo nonato,-4.5772,-81.2719,74.7,74.7,81,98,10.49,PE,2021-02-14 02:41:28
luena,43.3725,128.2425,25.2,25.2,92,99,6.2,CN,2021-02-14 02:46:00
pangody,-13.0333,33.4833,66.52,66.52,91,100,6.35,MW,2021-02-14 02:46:01
nytva,44.7561,136.2939,38.39,38.39,74,100,4.65,RU,2021-02-14 02:46:02
mana,35.6127,-77.3663,36.18,37.4,93,90,6.91,US,2021-02-14 02:46:06
atocha,59.2353,163.0719,-6.59,-6.59,84,0,4.9,RU,2021-02-14 02:46:07
akonolinga,45.9695,42.6966,27.16,27.16,86,100,18.25,RU,2021-02-14 02:46:08
neuquen,40.1333,63.45,48.92,48.92,57,100,6.58,UZ,2021-02-14 02:46:09
pak chong,43.25,76.95,28.4,28.4,100,90,4.47,KZ,2021-02-14 02:46:10
natal,24.4667,54.3667,65.43,66.2,88,20,2.3,AE,2021-02-14 02:45:32
de aar,-7.2597,-34.9075,77,77,100,20,5.75,BR,2021-02-14 02:46:14
parabel,-7.0167,113.8667,83.43,83.43,73,71,0.43,ID,2021-02-14 02:46:15
katherine,65.4167,-52.9,5.56,5.56,90,57,12.01,GL,2021-02-14 02:46:16
kwekwe,-21.1833,24.8833,70.72,70.72,76,91,5.32,BW,2021-02-14 02:46:17
mableton,4.375,-7.7169,78.87,78.87,88,5,9.98,LR,2021-02-14 02:46:18
mergui,60.8697,60.4153,-12.91,-12.91,90,100,7.31,RU,2021-02-14 02:46:19
san jose,33.7557,-96.5367,20.03,21.2,68,90,10.36,US,2021-02-14 02:45:33
dauriya,-12.0951,26.4273,60.19,60.19,97,98,2.84,ZM,2021-02-14 02:46:21
anloga,52.7876,27.5415,15.6,15.6,97,96,12.3,BY,2021-02-14 02:46:24
wapakoneta,57.3064,88.1667,-0.35,-0.35,93,100,6.87,RU,2021-02-14 02:46:25
sedhiou,-1.5058,-48.6258,77,77,94,75,1.14,BR,2021-02-14 02:46:27
bhandara,45.3,130.2833,23.45,23.45,92,99,1.77,CN,2021-02-14 02:46:29
paysandu,-27.3667,-70.3333,62.6,62.6,88,20,8.05,CL,2021-02-14 02:46:30
blonay,2.3,111.8167,80.24,80.6,83,40,2.3,MY,2021-02-14 02:46:31
ambon,40.0465,15.8358,23.4,23.4,93,11,15.79,IT,2021-02-14 02:46:33
abu samrah,16.5206,121.7631,74.39,74.39,78,91,2.06,PH,2021-02-14 02:46:34
pecanha,-20.0064,57.6608,77,77,79,3,3,MU,2021-02-14 02:46:35
kamenetskiy,39.4101,-74.3646,31.44,34,93,90,11.5,US,2021-02-14 02:45:54
akdepe,42.2506,-75.833,24.89,27,42,90,5.75,US,2021-02-14 02:46:37
talcahuano,39.2446,55.5154,44.8,44.8,89,0,3.04,TM,2021-02-14 02:46:38
goderich,3.4594,-73.6128,83.03,83.03,52,95,2.08,CO,2021-02-14 02:46:39
kahramanmaras,6.4965,2.6036,84.2,84.2,84,40,14.97,BJ,2021-02-14 02:46:40
margate,-21.6403,-41.0511,76.95,76.95,83,100,19.28,BR,2021-02-14 02:44:57
batemans bay,50.3164,-122.8027,16,16,85,100,1.28,CA,2021-02-14 02:46:43
kurilsk,33.2833,134.15,64.4,64.4,52,40,3.44,JP,2021-02-14 02:46:44
dandong,20.15,92.9,70.86,70.86,57,44,3.33,MM,2021-02-14 02:46:46
vaitape,-19.9842,57.6142,77,77,79,4,3,MU,2021-02-14 02:46:47
diffa,49.8809,42.5898,12.16,12.99,74,100,18.01,RU,2021-02-14 02:46:48
talara,-41.8697,-73.8203,51.06,55,71,0,4.61,CL,2021-02-14 02:46:50
dunhua,16.4833,81.8333,75.2,75.2,78,0,4.61,IN,2021-02-14 02:46:51
kasungu,-22.1089,-56.5211,71.76,71.76,86,0,4,BR,2021-02-14 02:46:52
plastun,13.2167,-59.5167,78.8,78.8,69,20,20.71,BB,2021-02-14 02:46:53
toliary,37.9281,102.6414,35.28,35.28,72,0,11.59,CN,2021-02-14 02:46:54
miranorte,-20.7333,139.5,89.6,89.6,58,100,10.36,AU,2021-02-14 02:46:55
greenville,52.4201,136.4853,14.34,14.34,94,99,3.38,RU,2021-02-14 02:46:56
ossora,-26.8769,-52.4042,60.71,60.71,99,4,2.68,BR,2021-02-14 02:46:27
bolshaya dzhalga,9.4352,118.5492,80.6,80.6,83,90,11.5,PH,2021-02-14 02:46:59
gazli,57.787,43.1903,3.7,3.7,94,100,4.97,RU,2021-02-14 02:47:01
almaty,60.6036,15.626,26.6,26.6,68,90,12.66,SE,2021-02-14 02:47:02
abu dhabi,20.5603,-76.9161,77,77,47,20,5.75,CU,2021-02-14 02:47:03
palabuhanratu,44.5086,50.263,34.02,34.02,82,100,14.16,KZ,2021-02-14 02:47:04
conde,38.021,36.4973,41,41,93,40,4.61,TR,2021-02-14 02:47:05
sumenep,54.7682,-101.865,-18.54,-18.54,87,36,4.94,CA,2021-02-14 02:47:06
maniitsoq,64.5011,-165.4064,23,23,58,40,5.75,US,2021-02-14 02:45:12
mopipi,15.0584,43.2851,74.62,74.62,72,79,4.21,YE,2021-02-14 02:43:09
harper,20.7147,-77.9956,76.64,76.64,78,11,10.13,CU,2021-02-14 02:47:10
polunochnoye,36.7186,15.0907,48.4,50,87,75,8.05,IT,2021-02-14 02:47:12
denison,20.5022,-10.0711,63.37,63.37,25,0,11.34,MR,2021-02-14 02:42:41
kansanshi,68.1214,13.5031,27.61,27.61,91,99,6.02,NO,2021-02-14 02:47:14
we,-8.65,115.2167,84.2,84.2,79,40,9.22,ID,2021-02-14 02:45:12
salihorsk,17.5381,120.3644,80.19,80.19,63,3,2.66,PH,2021-02-14 02:47:16
teguldet,-15.1961,12.1522,72.7,72.7,73,98,4.72,AO,2021-02-14 02:44:14
gurskoye,17.7333,-99.3333,61.02,61.02,50,0,9.69,MX,2021-02-14 02:47:19
barcarena,-9.5402,16.341,59.65,59.65,95,29,3.89,AO,2021-02-14 02:47:20
dzhusaly,6.7533,-11.3686,80.8,80.8,87,18,10.74,LR,2021-02-14 02:47:21
linkou,-0.3167,102.35,83.71,83.71,69,80,4.43,ID,2021-02-14 02:47:22
copiapo,4.7717,33.5903,80.11,80.11,35,18,10.76,SS,2021-02-14 02:47:23
sibu,32.296,-81.2354,42.76,44.6,93,90,3.44,US,2021-02-14 02:47:24
lauria,56.9064,118.2631,-11.25,-11.25,81,96,2.35,RU,2021-02-14 02:43:01
dibuluan,34.15,132.1833,60.8,60.8,55,75,4.61,JP,2021-02-14 02:47:27
grand gaube,,,,,,,,,
brigantine,,,,,,,,,
broome,,,,,,,,,
gazanjyk,,,,,,,,,
fuente de oro,,,,,,,,,
porto novo,,,,,,,,,
sao joao da barra,,,,,,,,,
pemberton,,,,,,,,,
muroto,,,,,,,,,
tabiauea,,,,,,,,,
akyab,,,,,,,,,
cap malheureux,,,,,,,,,
kumylzhenskaya,,,,,,,,,
ancud,,,,,,,,,
razole,,,,,,,,,
bela vista,,,,,,,,,
bathsheba,,,,,,,,,
wuwei,,,,,,,,,
mount isa,,,,,,,,,
imeni poliny osipenko,,,,,,,,,
xanxere,,,,,,,,,
aborlan,,,,,,,,,
kazalinsk,,,,,,,,,
kadyy,,,,,,,,,
falun,,,,,,,,,
rio cauto,,,,,,,,,
fort-shevchenko,,,,,,,,,
goksun,,,,,,,,,
flin flon,,,,,,,,,
nome,,,,,,,,,
bajil,,,,,,,,,
santa cruz del sur,,,,,,,,,
marcona,,,,,,,,,
pachino,,,,,,,,,
adrar,,,,,,,,,
gravdal,,,,,,,,,
denpasar,,,,,,,,,
fuerte,,,,,,,,,
namibe,,,,,,,,,
apango,,,,,,,,,
malanje,,,,,,,,,
robertsport,,,,,,,,,
japura,,,,,,,,,
kapoeta,,,,,,,,,
rincon,,,,,,,,,
chara,,,,,,,,,
iwakuni,,,,,,,,,
